area,total_towers,lte_count,umts_count,gsm_count,lte_coverage_pct,risk_level,risk_score
21261,2,0.0,0.0,2.0,0.0,HIGH,100.0
14254,1,0.0,0.0,1.0,0.0,HIGH,100.0
31121,15,0.0,14.0,1.0,0.0,HIGH,100.0
22251,3,0.0,0.0,3.0,0.0,HIGH,100.0
31111,4,0.0,4.0,0.0,0.0,HIGH,100.0
32292,29,0.0,29.0,0.0,0.0,HIGH,100.0
25236,1,0.0,1.0,0.0,0.0,HIGH,100.0
11411,13,0.0,13.0,0.0,0.0,HIGH,100.0
31142,66,0.0,64.0,2.0,0.0,HIGH,100.0
22161,8,0.0,0.0,8.0,0.0,HIGH,100.0
33302,2,0.0,2.0,0.0,0.0,HIGH,100.0
1452,1,0.0,1.0,0.0,0.0,HIGH,100.0
32269,3,0.0,3.0,0.0,0.0,HIGH,100.0
32920,3,0.0,3.0,0.0,0.0,HIGH,100.0
2857,11,0.0,11.0,0.0,0.0,HIGH,100.0
31163,2,0.0,2.0,0.0,0.0,HIGH,100.0
11412,5,0.0,5.0,0.0,0.0,HIGH,100.0
22902,4,0.0,0.0,4.0,0.0,HIGH,100.0
11341,15,0.0,15.0,0.0,0.0,HIGH,100.0
44758,5,0.0,0.0,5.0,0.0,HIGH,100.0
32197,1,0.0,1.0,0.0,0.0,HIGH,100.0
2258,1,0.0,1.0,0.0,0.0,HIGH,100.0
33112,5,0.0,5.0,0.0,0.0,HIGH,100.0
25843,3,0.0,0.0,3.0,0.0,HIGH,100.0
21992,2,0.0,0.0,2.0,0.0,HIGH,100.0
11431,2,0.0,2.0,0.0,0.0,HIGH,100.0
32271,1,0.0,1.0,0.0,0.0,HIGH,100.0
21991,3,0.0,0.0,3.0,0.0,HIGH,100.0
31161,23,0.0,23.0,0.0,0.0,HIGH,100.0
22501,6,0.0,0.0,6.0,0.0,HIGH,100.0
31122,24,0.0,23.0,1.0,0.0,HIGH,100.0
44157,1,0.0,0.0,1.0,0.0,HIGH,100.0
32263,12,0.0,12.0,0.0,0.0,HIGH,100.0
32924,5,0.0,5.0,0.0,0.0,HIGH,100.0
29157,1,0.0,0.0,1.0,0.0,HIGH,100.0
32232,1,0.0,1.0,0.0,0.0,HIGH,100.0
64156,3,0.0,0.0,3.0,0.0,HIGH,100.0
8136,37,0.0,37.0,0.0,0.0,HIGH,100.0
3157,1,0.0,1.0,0.0,0.0,HIGH,100.0
22018,1,0.0,1.0,0.0,0.0,HIGH,100.0
21692,3,0.0,0.0,3.0,0.0,HIGH,100.0
42471,3,0.0,0.0,3.0,0.0,HIGH,100.0
5636,31,0.0,31.0,0.0,0.0,HIGH,100.0
33014,32,0.0,3.0,29.0,0.0,HIGH,100.0
34156,5,0.0,0.0,5.0,0.0,HIGH,100.0
1252,14,0.0,14.0,0.0,0.0,HIGH,100.0
21681,2,0.0,0.0,2.0,0.0,HIGH,100.0
15361,4,0.0,4.0,0.0,0.0,HIGH,100.0
22163,11,0.0,0.0,11.0,0.0,HIGH,100.0
21982,1,0.0,0.0,1.0,0.0,HIGH,100.0
53404,3,0.0,3.0,0.0,0.0,HIGH,100.0
31171,1,0.0,1.0,0.0,0.0,HIGH,100.0
11381,3,0.0,3.0,0.0,0.0,HIGH,100.0
32291,4,0.0,4.0,0.0,0.0,HIGH,100.0
1457,6,0.0,6.0,0.0,0.0,HIGH,100.0
31131,6,0.0,5.0,1.0,0.0,HIGH,100.0
15481,15,0.0,15.0,0.0,0.0,HIGH,100.0
32182,5,0.0,5.0,0.0,0.0,HIGH,100.0
11382,1,0.0,1.0,0.0,0.0,HIGH,100.0
32261,6,0.0,6.0,0.0,0.0,HIGH,100.0
32264,4,0.0,4.0,0.0,0.0,HIGH,100.0
32268,4,0.0,4.0,0.0,0.0,HIGH,100.0
6836,19,0.0,19.0,0.0,0.0,HIGH,100.0
5549,13,0.0,13.0,0.0,0.0,HIGH,100.0
22154,3,0.0,0.0,3.0,0.0,HIGH,100.0
32046,13,0.0,13.0,0.0,0.0,HIGH,100.0
6857,24,0.0,24.0,0.0,0.0,HIGH,100.0
21321,6,0.0,0.0,6.0,0.0,HIGH,100.0
35156,13,0.0,0.0,13.0,0.0,HIGH,100.0
15401,1,0.0,1.0,0.0,0.0,HIGH,100.0
22555,4,0.0,0.0,4.0,0.0,HIGH,100.0
32345,25,0.0,25.0,0.0,0.0,HIGH,100.0
34021,2,0.0,2.0,0.0,0.0,HIGH,100.0
21782,2,0.0,0.0,2.0,0.0,HIGH,100.0
22152,1,0.0,0.0,1.0,0.0,HIGH,100.0
2957,5,0.0,5.0,0.0,0.0,HIGH,100.0
2354,2,0.0,2.0,0.0,0.0,HIGH,100.0
32262,16,0.0,16.0,0.0,0.0,HIGH,100.0
2371,1,0.0,1.0,0.0,0.0,HIGH,100.0
33061,2,0.0,2.0,0.0,0.0,HIGH,100.0
36156,1,0.0,0.0,1.0,0.0,HIGH,100.0
15363,5,0.0,5.0,0.0,0.0,HIGH,100.0
31081,18,0.0,18.0,0.0,0.0,HIGH,100.0
25841,1,0.0,0.0,1.0,0.0,HIGH,100.0
33094,3,0.0,3.0,0.0,0.0,HIGH,100.0
32295,10,0.0,10.0,0.0,0.0,HIGH,100.0
11282,4,0.0,3.0,1.0,0.0,HIGH,100.0
11461,2,0.0,2.0,0.0,0.0,HIGH,100.0
23103,10,0.0,3.0,7.0,0.0,HIGH,100.0
21811,1,0.0,0.0,1.0,0.0,HIGH,100.0
25001,1,0.0,0.0,1.0,0.0,HIGH,100.0
1152,3,0.0,3.0,0.0,0.0,HIGH,100.0
32915,1,0.0,1.0,0.0,0.0,HIGH,100.0
32266,3,0.0,3.0,0.0,0.0,HIGH,100.0
1056,10,0.0,10.0,0.0,0.0,HIGH,100.0
21101,2,0.0,0.0,2.0,0.0,HIGH,100.0
32044,17,0.0,17.0,0.0,0.0,HIGH,100.0
11331,3,0.0,3.0,0.0,0.0,HIGH,100.0
32902,34,0.0,34.0,0.0,0.0,HIGH,100.0
53409,1,0.0,1.0,0.0,0.0,HIGH,100.0
11421,1,0.0,1.0,0.0,0.0,HIGH,100.0
22181,2,0.0,0.0,2.0,0.0,HIGH,100.0
22919,3,0.0,0.0,3.0,0.0,HIGH,100.0
6336,37,0.0,37.0,0.0,0.0,HIGH,100.0
32367,2,0.0,2.0,0.0,0.0,HIGH,100.0
21721,5,0.0,0.0,5.0,0.0,HIGH,100.0
21257,1,0.0,0.0,1.0,0.0,HIGH,100.0
42658,3,0.0,0.0,3.0,0.0,HIGH,100.0
23071,1,0.0,0.0,1.0,0.0,HIGH,100.0
6650,11,0.0,11.0,0.0,0.0,HIGH,100.0
17150,1,0.0,0.0,1.0,0.0,HIGH,100.0
30254,5,0.0,0.0,5.0,0.0,HIGH,100.0
2053,50,0.0,50.0,0.0,0.0,HIGH,100.0
31181,5,0.0,5.0,0.0,0.0,HIGH,100.0
33096,1,0.0,1.0,0.0,0.0,HIGH,100.0
32914,16,0.0,16.0,0.0,0.0,HIGH,100.0
53011,18,0.0,17.0,1.0,0.0,HIGH,100.0
11422,22,1.0,21.0,0.0,4.55,HIGH,95.45
32181,19,2.0,17.0,0.0,10.53,HIGH,89.47
32346,60,15.0,45.0,0.0,25.0,HIGH,75.0
31151,3,1.0,2.0,0.0,33.33,HIGH,66.67
22221,2,1.0,1.0,0.0,50.0,MEDIUM,50.0
4741,2,1.0,1.0,0.0,50.0,MEDIUM,50.0
1151,5,3.0,2.0,0.0,60.0,MEDIUM,40.0
11252,25,24.0,0.0,1.0,96.0,LOW,4.0
41161,156,154.0,2.0,0.0,98.72,LOW,1.28
11160,700,699.0,1.0,0.0,99.86,LOW,0.14
41192,4,4.0,0.0,0.0,100.0,LOW,0.0
21310,1,1.0,0.0,0.0,100.0,LOW,0.0
42346,47,47.0,0.0,0.0,100.0,LOW,0.0
21400,5,5.0,0.0,0.0,100.0,LOW,0.0
41132,10,10.0,0.0,0.0,100.0,LOW,0.0
42345,72,72.0,0.0,0.0,100.0,LOW,0.0
42371,39,39.0,0.0,0.0,100.0,LOW,0.0
42362,35,35.0,0.0,0.0,100.0,LOW,0.0
42351,15,15.0,0.0,0.0,100.0,LOW,0.0
42154,127,127.0,0.0,0.0,100.0,LOW,0.0
42151,21,21.0,0.0,0.0,100.0,LOW,0.0
45549,8,8.0,0.0,0.0,100.0,LOW,0.0
15250,4,4.0,0.0,0.0,100.0,LOW,0.0
32657,2,2.0,0.0,0.0,100.0,LOW,0.0
32457,3,3.0,0.0,0.0,100.0,LOW,0.0
43063,11,11.0,0.0,0.0,100.0,LOW,0.0
25636,213,213.0,0.0,0.0,100.0,LOW,0.0
46936,12,12.0,0.0,0.0,100.0,LOW,0.0
32857,3,3.0,0.0,0.0,100.0,LOW,0.0
41211,2,2.0,0.0,0.0,100.0,LOW,0.0
24100,18,18.0,0.0,0.0,100.0,LOW,0.0
33436,6,6.0,0.0,0.0,100.0,LOW,0.0
29153,6,6.0,0.0,0.0,100.0,LOW,0.0
42423,23,23.0,0.0,0.0,100.0,LOW,0.0
42422,18,18.0,0.0,0.0,100.0,LOW,0.0
42421,21,21.0,0.0,0.0,100.0,LOW,0.0
42364,12,12.0,0.0,0.0,100.0,LOW,0.0
42366,7,7.0,0.0,0.0,100.0,LOW,0.0
42382,9,9.0,0.0,0.0,100.0,LOW,0.0
42192,32,32.0,0.0,0.0,100.0,LOW,0.0
44021,15,15.0,0.0,0.0,100.0,LOW,0.0
44026,1,1.0,0.0,0.0,100.0,LOW,0.0
34758,6,6.0,0.0,0.0,100.0,LOW,0.0
41121,28,28.0,0.0,0.0,100.0,LOW,0.0
11370,45,45.0,0.0,0.0,100.0,LOW,0.0
42171,3,3.0,0.0,0.0,100.0,LOW,0.0
31552,3,3.0,0.0,0.0,100.0,LOW,0.0
16650,35,35.0,0.0,0.0,100.0,LOW,0.0
42183,5,5.0,0.0,0.0,100.0,LOW,0.0
15180,2,2.0,0.0,0.0,100.0,LOW,0.0
15050,1,1.0,0.0,0.0,100.0,LOW,0.0
2006,12,12.0,0.0,0.0,100.0,LOW,0.0
42044,88,88.0,0.0,0.0,100.0,LOW,0.0
29152,2,2.0,0.0,0.0,100.0,LOW,0.0
2011,1,1.0,0.0,0.0,100.0,LOW,0.0
41553,6,6.0,0.0,0.0,100.0,LOW,0.0
42222,51,51.0,0.0,0.0,100.0,LOW,0.0
42920,4,4.0,0.0,0.0,100.0,LOW,0.0
5708,8,8.0,0.0,0.0,100.0,LOW,0.0
11200,316,316.0,0.0,0.0,100.0,LOW,0.0
11100,70,70.0,0.0,0.0,100.0,LOW,0.0
42267,8,8.0,0.0,0.0,100.0,LOW,0.0
11190,108,108.0,0.0,0.0,100.0,LOW,0.0
42291,28,28.0,0.0,0.0,100.0,LOW,0.0
42292,110,110.0,0.0,0.0,100.0,LOW,0.0
21230,138,138.0,0.0,0.0,100.0,LOW,0.0
12010,3,3.0,0.0,0.0,100.0,LOW,0.0
41181,37,37.0,0.0,0.0,100.0,LOW,0.0
4006,6,6.0,0.0,0.0,100.0,LOW,0.0
42902,40,40.0,0.0,0.0,100.0,LOW,0.0
42182,29,29.0,0.0,0.0,100.0,LOW,0.0
12053,84,84.0,0.0,0.0,100.0,LOW,0.0
46350,9,9.0,0.0,0.0,100.0,LOW,0.0
42257,71,71.0,0.0,0.0,100.0,LOW,0.0
42094,81,81.0,0.0,0.0,100.0,LOW,0.0
43096,1,1.0,0.0,0.0,100.0,LOW,0.0
32364,2,2.0,0.0,0.0,100.0,LOW,0.0
20008,6,6.0,0.0,0.0,100.0,LOW,0.0
31452,58,58.0,0.0,0.0,100.0,LOW,0.0
62353,5,5.0,0.0,0.0,100.0,LOW,0.0
52222,12,12.0,0.0,0.0,100.0,LOW,0.0
2016,40,40.0,0.0,0.0,100.0,LOW,0.0
4007,12,12.0,0.0,0.0,100.0,LOW,0.0
26057,5,5.0,0.0,0.0,100.0,LOW,0.0
52181,16,16.0,0.0,0.0,100.0,LOW,0.0
41112,12,12.0,0.0,0.0,100.0,LOW,0.0
43061,3,3.0,0.0,0.0,100.0,LOW,0.0
32957,33,33.0,0.0,0.0,100.0,LOW,0.0
11310,36,36.0,0.0,0.0,100.0,LOW,0.0
43157,2,2.0,0.0,0.0,100.0,LOW,0.0
42857,11,11.0,0.0,0.0,100.0,LOW,0.0
42957,28,28.0,0.0,0.0,100.0,LOW,0.0
33757,21,21.0,0.0,0.0,100.0,LOW,0.0
42258,1,1.0,0.0,0.0,100.0,LOW,0.0
32357,16,16.0,0.0,0.0,100.0,LOW,0.0
43336,13,13.0,0.0,0.0,100.0,LOW,0.0
33336,4,4.0,0.0,0.0,100.0,LOW,0.0
45336,11,11.0,0.0,0.0,100.0,LOW,0.0
42268,73,73.0,0.0,0.0,100.0,LOW,0.0
42425,30,30.0,0.0,0.0,100.0,LOW,0.0
42196,21,21.0,0.0,0.0,100.0,LOW,0.0
42197,14,14.0,0.0,0.0,100.0,LOW,0.0
42212,11,11.0,0.0,0.0,100.0,LOW,0.0
42215,19,19.0,0.0,0.0,100.0,LOW,0.0
42373,12,12.0,0.0,0.0,100.0,LOW,0.0
42342,16,16.0,0.0,0.0,100.0,LOW,0.0
45136,7,7.0,0.0,0.0,100.0,LOW,0.0
42145,11,11.0,0.0,0.0,100.0,LOW,0.0
41141,1,1.0,0.0,0.0,100.0,LOW,0.0
22090,1,1.0,0.0,0.0,100.0,LOW,0.0
41131,24,24.0,0.0,0.0,100.0,LOW,0.0
42391,1,1.0,0.0,0.0,100.0,LOW,0.0
45036,17,17.0,0.0,0.0,100.0,LOW,0.0
20006,1,1.0,0.0,0.0,100.0,LOW,0.0
42295,36,36.0,0.0,0.0,100.0,LOW,0.0
41853,3,3.0,0.0,0.0,100.0,LOW,0.0
11150,567,567.0,0.0,0.0,100.0,LOW,0.0
42263,81,81.0,0.0,0.0,100.0,LOW,0.0
21200,71,71.0,0.0,0.0,100.0,LOW,0.0
16857,130,130.0,0.0,0.0,100.0,LOW,0.0
25036,1,1.0,0.0,0.0,100.0,LOW,0.0
5607,3,3.0,0.0,0.0,100.0,LOW,0.0
42264,32,32.0,0.0,0.0,100.0,LOW,0.0
17636,1,1.0,0.0,0.0,100.0,LOW,0.0
42915,17,17.0,0.0,0.0,100.0,LOW,0.0
21250,299,299.0,0.0,0.0,100.0,LOW,0.0
21220,60,60.0,0.0,0.0,100.0,LOW,0.0
21320,234,234.0,0.0,0.0,100.0,LOW,0.0
21450,41,41.0,0.0,0.0,100.0,LOW,0.0
22130,2,2.0,0.0,0.0,100.0,LOW,0.0
22030,1,1.0,0.0,0.0,100.0,LOW,0.0
41151,110,110.0,0.0,0.0,100.0,LOW,0.0
42361,14,14.0,0.0,0.0,100.0,LOW,0.0
16350,23,23.0,0.0,0.0,100.0,LOW,0.0
42251,22,22.0,0.0,0.0,100.0,LOW,0.0
16450,47,47.0,0.0,0.0,100.0,LOW,0.0
61050,50,50.0,0.0,0.0,100.0,LOW,0.0
11240,31,31.0,0.0,0.0,100.0,LOW,0.0
24110,3,3.0,0.0,0.0,100.0,LOW,0.0
16836,162,162.0,0.0,0.0,100.0,LOW,0.0
15510,1,1.0,0.0,0.0,100.0,LOW,0.0
41212,1,1.0,0.0,0.0,100.0,LOW,0.0
43094,1,1.0,0.0,0.0,100.0,LOW,0.0
41163,14,14.0,0.0,0.0,100.0,LOW,0.0
29151,44,44.0,0.0,0.0,100.0,LOW,0.0
41182,3,3.0,0.0,0.0,100.0,LOW,0.0
21260,6,6.0,0.0,0.0,100.0,LOW,0.0
21300,82,82.0,0.0,0.0,100.0,LOW,0.0
2014,3,3.0,0.0,0.0,100.0,LOW,0.0
12020,3,3.0,0.0,0.0,100.0,LOW,0.0
43112,1,1.0,0.0,0.0,100.0,LOW,0.0
41101,7,7.0,0.0,0.0,100.0,LOW,0.0
43757,30,30.0,0.0,0.0,100.0,LOW,0.0
42454,7,7.0,0.0,0.0,100.0,LOW,0.0
46336,11,11.0,0.0,0.0,100.0,LOW,0.0
42051,37,37.0,0.0,0.0,100.0,LOW,0.0
41753,5,5.0,0.0,0.0,100.0,LOW,0.0
43436,2,2.0,0.0,0.0,100.0,LOW,0.0
46850,2,2.0,0.0,0.0,100.0,LOW,0.0
42269,53,53.0,0.0,0.0,100.0,LOW,0.0
42367,45,45.0,0.0,0.0,100.0,LOW,0.0
42386,25,25.0,0.0,0.0,100.0,LOW,0.0
41201,12,12.0,0.0,0.0,100.0,LOW,0.0
42038,9,9.0,0.0,0.0,100.0,LOW,0.0
44025,15,15.0,0.0,0.0,100.0,LOW,0.0
44024,14,14.0,0.0,0.0,100.0,LOW,0.0
44023,21,21.0,0.0,0.0,100.0,LOW,0.0
41653,12,12.0,0.0,0.0,100.0,LOW,0.0
23030,3,3.0,0.0,0.0,100.0,LOW,0.0
62952,2,2.0,0.0,0.0,100.0,LOW,0.0
22070,24,24.0,0.0,0.0,100.0,LOW,0.0
62202,1,1.0,0.0,0.0,100.0,LOW,0.0
42201,1,1.0,0.0,0.0,100.0,LOW,0.0
62203,1,1.0,0.0,0.0,100.0,LOW,0.0
15270,2,2.0,0.0,0.0,100.0,LOW,0.0
30032,2,2.0,0.0,0.0,100.0,LOW,0.0
24010,2,2.0,0.0,0.0,100.0,LOW,0.0
15200,13,13.0,0.0,0.0,100.0,LOW,0.0
42457,1,1.0,0.0,0.0,100.0,LOW,0.0
42266,18,18.0,0.0,0.0,100.0,LOW,0.0
35152,1,1.0,0.0,0.0,100.0,LOW,0.0
2015,1,1.0,0.0,0.0,100.0,LOW,0.0
11320,103,103.0,0.0,0.0,100.0,LOW,0.0
25736,71,71.0,0.0,0.0,100.0,LOW,0.0
51049,1,1.0,0.0,0.0,100.0,LOW,0.0
46857,1,1.0,0.0,0.0,100.0,LOW,0.0
41111,28,28.0,0.0,0.0,100.0,LOW,0.0
41081,75,75.0,0.0,0.0,100.0,LOW,0.0
11056,58,58.0,0.0,0.0,100.0,LOW,0.0
42181,93,93.0,0.0,0.0,100.0,LOW,0.0
42914,23,23.0,0.0,0.0,100.0,LOW,0.0
21240,181,181.0,0.0,0.0,100.0,LOW,0.0
5803,1,1.0,0.0,0.0,100.0,LOW,0.0
31152,121,121.0,0.0,0.0,100.0,LOW,0.0
15120,37,37.0,0.0,0.0,100.0,LOW,0.0
11170,38,38.0,0.0,0.0,100.0,LOW,0.0
62349,46,46.0,0.0,0.0,100.0,LOW,0.0
24070,1,1.0,0.0,0.0,100.0,LOW,0.0
42343,3,3.0,0.0,0.0,100.0,LOW,0.0
45636,25,25.0,0.0,0.0,100.0,LOW,0.0
55549,100,100.0,0.0,0.0,100.0,LOW,0.0
42354,23,23.0,0.0,0.0,100.0,LOW,0.0
15470,61,61.0,0.0,0.0,100.0,LOW,0.0
42274,5,5.0,0.0,0.0,100.0,LOW,0.0
42352,3,3.0,0.0,0.0,100.0,LOW,0.0
42355,6,6.0,0.0,0.0,100.0,LOW,0.0
42261,85,85.0,0.0,0.0,100.0,LOW,0.0
16850,12,12.0,0.0,0.0,100.0,LOW,0.0
25136,6,6.0,0.0,0.0,100.0,LOW,0.0
42424,26,26.0,0.0,0.0,100.0,LOW,0.0
42363,34,34.0,0.0,0.0,100.0,LOW,0.0
42063,2,2.0,0.0,0.0,100.0,LOW,0.0
42383,15,15.0,0.0,0.0,100.0,LOW,0.0
42035,11,11.0,0.0,0.0,100.0,LOW,0.0
44022,6,6.0,0.0,0.0,100.0,LOW,0.0
42372,34,34.0,0.0,0.0,100.0,LOW,0.0
42402,3,3.0,0.0,0.0,100.0,LOW,0.0
42046,21,21.0,0.0,0.0,100.0,LOW,0.0
23310,1,1.0,0.0,0.0,100.0,LOW,0.0
31457,4,4.0,0.0,0.0,100.0,LOW,0.0
42262,107,107.0,0.0,0.0,100.0,LOW,0.0
42265,58,58.0,0.0,0.0,100.0,LOW,0.0
11220,42,42.0,0.0,0.0,100.0,LOW,0.0
31057,6,6.0,0.0,0.0,100.0,LOW,0.0
31657,4,4.0,0.0,0.0,100.0,LOW,0.0
21360,12,12.0,0.0,0.0,100.0,LOW,0.0
42293,30,30.0,0.0,0.0,100.0,LOW,0.0
41092,1,1.0,0.0,0.0,100.0,LOW,0.0
42142,5,5.0,0.0,0.0,100.0,LOW,0.0
2005,26,26.0,0.0,0.0,100.0,LOW,0.0
42357,20,20.0,0.0,0.0,100.0,LOW,0.0
26336,1,1.0,0.0,0.0,100.0,LOW,0.0
23000,11,11.0,0.0,0.0,100.0,LOW,0.0
41171,5,5.0,0.0,0.0,100.0,LOW,0.0
11020,287,287.0,0.0,0.0,100.0,LOW,0.0
11070,204,204.0,0.0,0.0,100.0,LOW,0.0
21330,32,32.0,0.0,0.0,100.0,LOW,0.0
11140,345,345.0,0.0,0.0,100.0,LOW,0.0
20007,2,2.0,0.0,0.0,100.0,LOW,0.0
11180,268,268.0,0.0,0.0,100.0,LOW,0.0
36936,8,8.0,0.0,0.0,100.0,LOW,0.0
